uid;Категория;Название;Артикул;Цена;Старая цена;Остаток;Описание;Текст;Фото;URL
222041705811;База прозрачная;База Rubber 15 мл;;400.0;;5;"Прозрачная густая каучуковая база для подложки и укрепления ногтей. Преимущества: не растекается, что обеспечивает более комфортную работу при выравнивании ногтевой пластины и прочное сцепление ногтя с искусственным материалом; не даёт усадку; база без отслоек идеально подойдёт для обладательниц тонких и ломких ногтей; не вызывает аллергических реакций. Способ применения: нанесите на подготовленную ногтевую пластину. Каждый слой просушиваем в UV/LED лампе 120/30 сек . Сверхпрочная , мягкая , эластичная база для гель-лака подходит в качестве подложки под моделирующий гель, полигель , жидкий полигель , камуфлирующую базу.
Состав: Полисиликон-13, 2-пропеновая кислота, 2-метил-, полимер с бутил-2-пропеноатом и метил-2-метил-2-пропеноатом, этилметакрилат, н-бутилацетат, стеаралконийбентонит, парафиновые воски и углеводородные воски, микрокристаллы, трис-титан, алюминиевый порошок (стабилизированный).
PH-4.5
Срок годности: 36 месяцев";;images/basa0/222041705811_База_Rubber_15_мл/01.jpg | images/basa0/222041705811_База_Rubber_15_мл/02.png | images/basa0/222041705811_База_Rubber_15_мл/03.png | images/basa0/222041705811_База_Rubber_15_мл/04.png;https://pronogti-shop.ru/basa0/tproduct/430339508-222041705811-baza-rubber-15-ml
791113972141;База прозрачная;База Rubber 30 гр;;750.0;;5;"Прозрачная густая каучуковая база для подложки и укрепления ногтей. Преимущества: не растекается, что обеспечивает более комфортную работу при выравнивании ногтевой пластины и прочное сцепление ногтя с искусственным материалом; не даёт усадку; база без отслоек идеально подойдёт для обладательниц тонких и ломких ногтей; не вызывает аллергических реакций. Способ применения: нанесите на подготовленную ногтевую пластину. Каждый слой просушиваем в UV/LED лампе 120/30 сек . Сверхпрочная , мягкая , эластичная база для гель-лака подходит в качестве подложки под моделирующий гель, полигель , жидкий полигель , камуфлирующую базу.
Состав: Полисиликон-13, 2-пропеновая кислота, 2-метил-, полимер с бутил-2-пропеноатом и метил-2-метил-2-пропеноатом, этилметакрилат, н-бутилацетат, стеаралконийбентонит, парафиновые воски и углеводородные воски, микрокристаллы, трис-титан, алюминиевый порошок (стабилизированный).
PH-4.5
Срок годности: 36 месяцев";;images/basa0/791113972141_База_Rubber_30_гр/01.jpg | images/basa0/791113972141_База_Rubber_30_гр/02.png | images/basa0/791113972141_База_Rubber_30_гр/03.png | images/basa0/791113972141_База_Rubber_30_гр/04.png | images/basa0/791113972141_База_Rubber_30_гр/05.png;https://pronogti-shop.ru/basa0/tproduct/430339508-791113972141-baza-rubber-30-gr
130209349012;База прозрачная;База Эластик 15 мл;;400.0;;20;"Прозрачная каучуковая база средне-густой консистенции подходит как подложка под гель, жидкий полигель и другие материалы. Также можно использовать под гель лак. База скотч для маникюра не растекается, обеспечивает прочное сцепление ногтя с искусственным материалом; не даёт усадку; идеально подойдёт для обладательниц тонких и ломких ногтей.
Состав:
ополимер акрилатов, изопропиловый спирт; гидроксипропилметакрилат; этилтриметилбензоилфенилфосфина; диметикон; Микрокристаллический воск.
PH-4
Срок годности: 36 месяцев";Kadilak Neo;images/basa0/130209349012_База_Эластик_15_мл/01.jpg | images/basa0/130209349012_База_Эластик_15_мл/02.png;https://pronogti-shop.ru/basa0/tproduct/430339508-130209349012-baza-elastik-15-ml
984672801663;База прозрачная;База Эластик 30 гр;;750.0;;10;"Прозрачная каучуковая база средне-густой консистенции подходит как подложка под гель, жидкий полигель и другие материалы. Также можно использовать под гель лак. База скотч для маникюра не растекается, обеспечивает прочное сцепление ногтя с искусственным материалом; не даёт усадку; идеально подойдёт для обладательниц тонких и ломких ногтей.
Состав:
ополимер акрилатов, изопропиловый спирт; гидроксипропилметакрилат; этилтриметилбензоилфенилфосфина; диметикон; Микрокристаллический воск.
PH-4
Срок годности: 36 месяцев";Kadilak Neo;images/basa0/984672801663_База_Эластик_30_гр/01.jpg | images/basa0/984672801663_База_Эластик_30_гр/02.png | images/basa0/984672801663_База_Эластик_30_гр/03.png | images/basa0/984672801663_База_Эластик_30_гр/04.png;https://pronogti-shop.ru/basa0/tproduct/430339508-984672801663-baza-elastik-30-gr
456834992853;База прозрачная;База Эластик 50 гр.;;900.0;;10;"Прозрачная каучуковая база средне-густой консистенции подходит как подложка под гель, жидкий полигель и другие материалы. Также можно использовать под гель лак. База скотч для маникюра не растекается, обеспечивает прочное сцепление ногтя с искусственным материалом; не даёт усадку; идеально подойдёт для обладательниц тонких и ломких ногтей.
Состав:
ополимер акрилатов, изопропиловый спирт; гидроксипропилметакрилат; этилтриметилбензоилфенилфосфина; диметикон; Микрокристаллический воск.
PH-4
Срок годности: 36 месяцев";Kadilak Neo;;https://pronogti-shop.ru/basa0/tproduct/430339508-456834992853-baza-elastik-50-gr
629638169341;Гель моделирующий 15 гр;Прозрачный гель , 15 гр ( clear);;400.0;;5;"подходит для укрепления и наращивания ногтей
— требуется подложка из эластичной базы
— позволяет работать в технике без опила
— твёрдый , поджимается в арку
— без запаха
— случаев аллергии не выявлено
Состав:Сополимер акрилатов; диметилсилилат кремния; дифенилфосфиноксид; 2-гидроксиэтилметакрилат
Срок годности: 36 месяцев";;images/gel20/629638169341_Прозрачный_гель_15_гр_clear/01.jpg | images/gel20/629638169341_Прозрачный_гель_15_гр_clear/02.png | images/gel20/629638169341_Прозрачный_гель_15_гр_clear/03.png | images/gel20/629638169341_Прозрачный_гель_15_гр_clear/04.png | images/gel20/629638169341_Прозрачный_гель_15_гр_clear/05.png;https://pronogti-shop.ru/gel20/tproduct/341664224-629638169341-prozrachnii-gel-15-gr-clear
459726460411;Гель моделирующий 15 гр;Гель creamy № 1,15 гр.;;400.0;;20;"подходит для укрепления и наращивания ногтей
— требуется подложка из эластичной базы
— позволяет работать в технике без опила
— твёрдый , поджимается в арку
— без запаха
— случаев аллергии не выявлено
Состав:Сополимер акрилатов; диметилсилилат кремния; дифенилфосфиноксид; 2-гидроксиэтилметакрилат
Срок годности: 36 месяцев";;images/gel20/459726460411_Гель_creamy_1_15_гр/01.jpg;https://pronogti-shop.ru/gel20/tproduct/341664224-459726460411-gel-creamy-115-gr
611771455701;Гель моделирующий 15 гр;Гель creamy № 8,15 гр.;;400.0;;20;"подходит для укрепления и наращивания ногтей
— требуется подложка из эластичной базы
— позволяет работать в технике без опила
— твёрдый , поджимается в арку
— без запаха
— случаев аллергии не выявлено
Состав:Сополимер акрилатов; диметилсилилат кремния; дифенилфосфиноксид; 2-гидроксиэтилметакрилат
Срок годности: 36 месяцев";;images/gel20/611771455701_Гель_creamy_8_15_гр/01.jpg;https://pronogti-shop.ru/gel20/tproduct/341664224-611771455701-gel-creamy-815-gr
263008919821;Гель моделирующий 15 гр;Гель Creamy N 42, 15 гр;;400.0;;10;"подходит для укрепления и наращивания ногтей
— требуется подложка из эластичной базы
— позволяет работать в технике без опила
— твёрдый , поджимается в арку
— без запаха
— случаев аллергии не выявлено
Состав:Сополимер акрилатов; диметилсилилат кремния; дифенилфосфиноксид; 2-гидроксиэтилметакрилат
Срок годности: 36 месяцев";;images/gel20/263008919821_Гель_Creamy_N_42_15_гр/01.jpeg;https://pronogti-shop.ru/gel20/tproduct/341664224-263008919821-gel-creamy-n-42-15-gr
612360688031;Гель моделирующий 15 гр;Гель Сreamy N 43, 15 гр;;400.0;;10;"подходит для укрепления и наращивания ногтей
— требуется подложка из эластичной базы
— позволяет работать в технике без опила
— твёрдый , поджимается в арку
— без запаха
— случаев аллергии не выявлено
Состав:Сополимер акрилатов; диметилсилилат кремния; дифенилфосфиноксид; 2-гидроксиэтилметакрилат
Срок годности: 36 месяцев";;images/gel20/612360688031_Гель_Сreamy_N_43_15_гр/01.jpeg;https://pronogti-shop.ru/gel20/tproduct/341664224-612360688031-gel-sreamy-n-43-15-gr
626622606621;Гель моделирующий 15 гр;Гель Opal № 4, 15 гр.;;450.0;;10;"подходит для укрепления и наращивания ногтей
— требуется подложка из эластичной базы
— позволяет работать в технике без опила
— твёрдый , поджимается в арку
— без запаха
— случаев аллергии не выявлено
Состав:Сополимер акрилатов; диметилсилилат кремния; дифенилфосфиноксид; 2-гидроксиэтилметакрилат
Срок годности: 36 месяцев";;images/gel20/626622606621_Гель_Opal_4_15_гр/01.jpg;https://pronogti-shop.ru/gel20/tproduct/341664224-626622606621-gel-opal-4-15-gr
554031786901;Гель моделирующий 15 гр;Гель Opal № 5, 15 гр.;;450.0;;20;"подходит для укрепления и наращивания ногтей
— требуется подложка из эластичной базы
— позволяет работать в технике без опила
— твёрдый , поджимается в арку
— без запаха
— случаев аллергии не выявлено
Состав:Сополимер акрилатов; диметилсилилат кремния; дифенилфосфиноксид; 2-гидроксиэтилметакрилат
Срок годности: 36 месяцев";;images/gel20/554031786901_Гель_Opal_5_15_гр/01.jpg;https://pronogti-shop.ru/gel20/tproduct/341664224-554031786901-gel-opal-5-15-gr
851540356081;Гель моделирующий 15 гр;Гель - желе № 1, 20 гр. ( белый );;450.0;;20;;"Гель желе
Подходит для укрепления и для любых техник наращения
Объем 20 гр
Черная баночка с защитной мембраной.";images/gel20/851540356081_Гель_-_желе_1_20_гр_белый/01.jpg | images/gel20/851540356081_Гель_-_желе_1_20_гр_белый/02.jpg | images/gel20/851540356081_Гель_-_желе_1_20_гр_белый/03.jpg;https://pronogti-shop.ru/gel20/tproduct/341664224-851540356081-gel-zhele-1-20-gr-belii-
841632679613;Гель моделирующий 15 гр;Гель Easy N 1 , 15 гр.;;450.0;;;"Гель «Easy»( в переводе означает удобный , легкий, 
чересчур податливый). 💎Консистенция средняя 
💎Легко выравнивается 
💎Эластичный в тонком слое . После выравнивания становится жестким 
💎Не имеет косметического запаха 
💎Опил легкий 
💎Просыхает за 1 мин.";;images/gel20/841632679613_Гель_Easy_N_1_15_гр/01.jpg;https://pronogti-shop.ru/gel20/tproduct/341664224-841632679613-gel-easy-n-1-15-gr
918857456153;Гель моделирующий 15 гр;Гель Easy N 2, 15 гр.;;450.0;;;"Гель «Easy»( в переводе означает удобный , легкий, 
чересчур податливый). 💎Консистенция средняя 
💎Легко выравнивается 
💎Эластичный в тонком слое . После выравнивания становится жестким 
💎Не имеет косметического запаха 
💎Опил легкий 
💎Просыхает за 1 мин.";;images/gel20/918857456153_Гель_Easy_N_2_15_гр/01.jpg;https://pronogti-shop.ru/gel20/tproduct/341664224-918857456153-gel-easy-n-2-15-gr
715791331963;Гель моделирующий 15 гр;Гель Easy N 3, 15 гр.;;450.0;;;"Гель «Easy»( в переводе означает удобный , легкий, 
чересчур податливый). 💎Консистенция средняя 
💎Легко выравнивается 
💎Эластичный в тонком слое . После выравнивания становится жестким 
💎Не имеет косметического запаха 
💎Опил легкий 
💎Просыхает за 1 мин.";;images/gel20/715791331963_Гель_Easy_N_3_15_гр/01.jpg;https://pronogti-shop.ru/gel20/tproduct/341664224-715791331963-gel-easy-n-3-15-gr
186873540983;Гель моделирующий 15 гр;Гель Easy N 4, 15 гр.;;450.0;;;"Гель «Easy»( в переводе означает удобный , легкий, 
чересчур податливый). 💎Консистенция средняя 
💎Легко выравнивается 
💎Эластичный в тонком слое . После выравнивания становится жестким 
💎Не имеет косметического запаха 
💎Опил легкий 
💎Просыхает за 1 мин.";;images/gel20/186873540983_Гель_Easy_N_4_15_гр/01.jpg;https://pronogti-shop.ru/gel20/tproduct/341664224-186873540983-gel-easy-n-4-15-gr
823318797753;Гель моделирующий 15 гр;Гель Easy N 5, 15 гр.;;450.0;;;"Гель «Easy»( в переводе означает удобный , легкий, 
чересчур податливый). 💎Консистенция средняя 
💎Легко выравнивается 
💎Эластичный в тонком слое . После выравнивания становится жестким 
💎Не имеет косметического запаха 
💎Опил легкий 
💎Просыхает за 1 мин.";;images/gel20/823318797753_Гель_Easy_N_5_15_гр/01.jpg;https://pronogti-shop.ru/gel20/tproduct/341664224-823318797753-gel-easy-n-5-15-gr
518970383033;Гель моделирующий 15 гр;Гель Easy N 6, 15 гр.;;450.0;;;"Гель «Easy»( в переводе означает удобный , легкий, 
чересчур податливый). 💎Консистенция средняя 
💎Легко выравнивается 
💎Эластичный в тонком слое . После выравнивания становится жестким 
💎Не имеет косметического запаха 
💎Опил легкий 
💎Просыхает за 1 мин.";;images/gel20/518970383033_Гель_Easy_N_6_15_гр/01.jpg;https://pronogti-shop.ru/gel20/tproduct/341664224-518970383033-gel-easy-n-6-15-gr
261844470383;Гель моделирующий 15 гр;Гель Easy N 7, 15 гр.;;450.0;;;"Гель «Easy»( в переводе означает удобный , легкий, 
чересчур податливый). 💎Консистенция средняя 
💎Легко выравнивается 
💎Эластичный в тонком слое . После выравнивания становится жестким 
💎Не имеет косметического запаха 
💎Опил легкий 
💎Просыхает за 1 мин.";;images/gel20/261844470383_Гель_Easy_N_7_15_гр/01.jpg;https://pronogti-shop.ru/gel20/tproduct/341664224-261844470383-gel-easy-n-7-15-gr
326406451233;Гель моделирующий 15 гр;Гель Easy N 8, 15 гр.;;450.0;;;"Гель «Easy»( в переводе означает удобный , легкий, 
чересчур податливый). 💎Консистенция средняя 
💎Легко выравнивается 
💎Эластичный в тонком слое . После выравнивания становится жестким 
💎Не имеет косметического запаха 
💎Опил легкий 
💎Просыхает за 1 мин.";;images/gel20/326406451233_Гель_Easy_N_8_15_гр/01.jpg;https://pronogti-shop.ru/gel20/tproduct/341664224-326406451233-gel-easy-n-8-15-gr
438177629983;Гель моделирующий 15 гр;Гель Easy N 9, 15 гр.;;450.0;;;"Гель «Easy»( в переводе означает удобный , легкий, 
чересчур податливый). 💎Консистенция средняя 
💎Легко выравнивается 
💎Эластичный в тонком слое . После выравнивания становится жестким 
💎Не имеет косметического запаха 
💎Опил легкий 
💎Просыхает за 1 мин.";;images/gel20/438177629983_Гель_Easy_N_9_15_гр/01.jpg;https://pronogti-shop.ru/gel20/tproduct/341664224-438177629983-gel-easy-n-9-15-gr
560736724393;Гель моделирующий 15 гр;Гель Easy N 10 , 15 гр.;;450.0;;;"Гель «Easy»( в переводе означает удобный , легкий, 
чересчур податливый). 💎Консистенция средняя 
💎Легко выравнивается 
💎Эластичный в тонком слое . После выравнивания становится жестким 
💎Не имеет косметического запаха 
💎Опил легкий 
💎Просыхает за 1 мин.";;images/gel20/560736724393_Гель_Easy_N_10_15_гр/01.jpg;https://pronogti-shop.ru/gel20/tproduct/341664224-560736724393-gel-easy-n-10-15-gr
549203788243;Гель моделирующий 15 гр;Гель Easy N 11, 15 гр.;;450.0;;;"Гель «Easy»( в переводе означает удобный , легкий, 
чересчур податливый). 💎Консистенция средняя 
💎Легко выравнивается 
💎Эластичный в тонком слое . После выравнивания становится жестким 
💎Не имеет косметического запаха 
💎Опил легкий 
💎Просыхает за 1 мин.";;images/gel20/549203788243_Гель_Easy_N_11_15_гр/01.jpg;https://pronogti-shop.ru/gel20/tproduct/341664224-549203788243-gel-easy-n-11-15-gr
339313874343;Гель моделирующий 15 гр;Гель Flame N 1, 15 гр.;;450.0;;;"Гель “Flame” ( в переводе означает пламя , яркий свет и даже страсть любви ❤️). 
🔥Консистенция также средняя, текстура полупрозрачная . Если включить фантазию и нанести на цветную подложку , то оттенки будут уже другими . 
🔥Просыхает быстро . Эластичный в тонкий слой , с выравниванием жесткий . Пилится на «раз-два». 
🔥Блестки не топорщатся. Дополнительно их опиливать не нужно . Работать с ними можно в любой технике .";;images/gel20/339313874343_Гель_Flame_N_1_15_гр/01.jpg;https://pronogti-shop.ru/gel20/tproduct/341664224-339313874343-gel-flame-n-1-15-gr
484526303403;Гель моделирующий 15 гр;Гель Flame N 2, 15 гр.;;450.0;;;"Гель “Flame” ( в переводе означает пламя , яркий свет и даже страсть любви ❤️). 
🔥Консистенция также средняя, текстура полупрозрачная . Если включить фантазию и нанести на цветную подложку , то оттенки будут уже другими . 
🔥Просыхает быстро . Эластичный в тонкий слой , с выравниванием жесткий . Пилится на «раз-два». 
🔥Блестки не топорщатся. Дополнительно их опиливать не нужно . Работать с ними можно в любой технике .";;images/gel20/484526303403_Гель_Flame_N_2_15_гр/01.jpg;https://pronogti-shop.ru/gel20/tproduct/341664224-484526303403-gel-flame-n-2-15-gr
241781182003;Гель моделирующий 15 гр;Гель Flame N 3, 15 гр.;;450.0;;;"Гель “Flame” ( в переводе означает пламя , яркий свет и даже страсть любви ❤️). 
🔥Консистенция также средняя, текстура полупрозрачная . Если включить фантазию и нанести на цветную подложку , то оттенки будут уже другими . 
🔥Просыхает быстро . Эластичный в тонкий слой , с выравниванием жесткий . Пилится на «раз-два». 
🔥Блестки не топорщатся. Дополнительно их опиливать не нужно . Работать с ними можно в любой технике .";;images/gel20/241781182003_Гель_Flame_N_3_15_гр/01.jpg;https://pronogti-shop.ru/gel20/tproduct/341664224-241781182003-gel-flame-n-3-15-gr
655756282023;Гель моделирующий 15 гр;Гель Flame N 4, 15 гр.;;450.0;;;"Гель “Flame” ( в переводе означает пламя , яркий свет и даже страсть любви ❤️). 
🔥Консистенция также средняя, текстура полупрозрачная . Если включить фантазию и нанести на цветную подложку , то оттенки будут уже другими . 
🔥Просыхает быстро . Эластичный в тонкий слой , с выравниванием жесткий . Пилится на «раз-два». 
🔥Блестки не топорщатся. Дополнительно их опиливать не нужно . Работать с ними можно в любой технике .";;images/gel20/655756282023_Гель_Flame_N_4_15_гр/01.jpg;https://pronogti-shop.ru/gel20/tproduct/341664224-655756282023-gel-flame-n-4-15-gr
901286127233;Гель моделирующий 15 гр;Гель Flame N 5, 15 гр.;;450.0;;;"Гель “Flame” ( в переводе означает пламя , яркий свет и даже страсть любви ❤️). 
🔥Консистенция также средняя, текстура полупрозрачная . Если включить фантазию и нанести на цветную подложку , то оттенки будут уже другими . 
🔥Просыхает быстро . Эластичный в тонкий слой , с выравниванием жесткий . Пилится на «раз-два». 
🔥Блестки не топорщатся. Дополнительно их опиливать не нужно . Работать с ними можно в любой технике .";;images/gel20/901286127233_Гель_Flame_N_5_15_гр/01.jpg;https://pronogti-shop.ru/gel20/tproduct/341664224-901286127233-gel-flame-n-5-15-gr
564448513721;Гель моделирующий 50гр;Прозрачный гель, 50 гр;;800.0;;0;"подходит для укрепления и наращивания ногтей
— требуется подложка из эластичной базы
— позволяет работать в технике без опила
— твёрдый , поджимается в арку
— без запаха
— случаев аллергии не выявлено
Состав:Сополимер акрилатов; диметилсилилат кремния; дифенилфосфиноксид; 2-гидроксиэтилметакрилат
Срок годности: 36 месяцев";;images/gel50/564448513721_Прозрачный_гель_50_гр/01.jpg;https://pronogti-shop.ru/gel50/tproduct/457157157-564448513721-prozrachnii-gel-50-gr
500859824121;Гель моделирующий 50гр;Гель N 1, 50 гр молочный;;800.0;;0;"подходит для укрепления и наращивания ногтей
— требуется подложка из эластичной базы
— позволяет работать в технике без опила
— твёрдый , поджимается в арку
— без запаха
— случаев аллергии не выявлено
Состав:Сополимер акрилатов; диметилсилилат кремния; дифенилфосфиноксид; 2-гидроксиэтилметакрилат
Срок годности: 36 месяцев";;images/gel50/500859824121_Гель_N_1_50_гр_молочный/01.jpg;https://pronogti-shop.ru/gel50/tproduct/457157157-500859824121-gel-n-1-50-gr-molochnii
395089208891;Гель моделирующий 50гр;Гель N 2, 50 гр;;800.0;;10;"подходит для укрепления и наращивания ногтей
— требуется подложка из эластичной базы
— позволяет работать в технике без опила
— твёрдый , поджимается в арку
— без запаха
— случаев аллергии не выявлено
Состав:Сополимер акрилатов; диметилсилилат кремния; дифенилфосфиноксид; 2-гидроксиэтилметакрилат
Срок годности: 36 месяцев";;images/gel50/395089208891_Гель_N_2_50_гр/01.jpg;https://pronogti-shop.ru/gel50/tproduct/457157157-395089208891-gel-n-2-50-gr
852503062601;Гель моделирующий 50гр;Гель N 10 , 50 гр;;800.0;;10;"подходит для укрепления и наращивания ногтей
— требуется подложка из эластичной базы
— позволяет работать в технике без опила
— твёрдый , поджимается в арку
— без запаха
— случаев аллергии не выявлено
Состав:Сополимер акрилатов; диметилсилилат кремния; дифенилфосфиноксид; 2-гидроксиэтилметакрилат
Срок годности: 36 месяцев";;images/gel50/852503062601_Гель_N_10_50_гр/01.jpg | images/gel50/852503062601_Гель_N_10_50_гр/02.jpg | images/gel50/852503062601_Гель_N_10_50_гр/03.jpeg | images/gel50/852503062601_Гель_N_10_50_гр/04.jpg | images/gel50/852503062601_Гель_N_10_50_гр/05.jpg;https://pronogti-shop.ru/gel50/tproduct/457157157-852503062601-gel-n-10-50-gr
406881627061;Гель моделирующий 50гр;Гель N 11, 50 гр прозрачный;;800.0;;0;"подходит для укрепления и наращивания ногтей
— требуется подложка из эластичной базы
— позволяет работать в технике без опила
— твёрдый , поджимается в арку
— без запаха
— случаев аллергии не выявлено
Состав:Сополимер акрилатов; диметилсилилат кремния; дифенилфосфиноксид; 2-гидроксиэтилметакрилат
Срок годности: 36 месяцев";;images/gel50/406881627061_Гель_N_11_50_гр_прозрачный/01.jpg;https://pronogti-shop.ru/gel50/tproduct/457157157-406881627061-gel-n-11-50-gr-prozrachnii
356892016261;Гель моделирующий 50гр;Гель N 21,50 гр;;800.0;;10;"подходит для укрепления и наращивания ногтей
— требуется подложка из эластичной базы
— позволяет работать в технике без опила
— твёрдый , поджимается в арку
— без запаха
— случаев аллергии не выявлено
Состав:Сополимер акрилатов; диметилсилилат кремния; дифенилфосфиноксид; 2-гидроксиэтилметакрилат
Срок годности: 36 месяцев";;images/gel50/356892016261_Гель_N_21_50_гр/01.jpg;https://pronogti-shop.ru/gel50/tproduct/457157157-356892016261-gel-n-2150-gr
847849218151;Гель моделирующий 50гр;Гель N 30, 50 гр;;800.0;;0;"подходит для укрепления и наращивания ногтей
— требуется подложка из эластичной базы
— позволяет работать в технике без опила
— твёрдый , поджимается в арку
— без запаха
— случаев аллергии не выявлено
Состав:Сополимер акрилатов; диметилсилилат кремния; дифенилфосфиноксид; 2-гидроксиэтилметакрилат
Срок годности: 36 месяцев";;images/gel50/847849218151_Гель_N_30_50_гр/01.jpg | images/gel50/847849218151_Гель_N_30_50_гр/02.jpg | images/gel50/847849218151_Гель_N_30_50_гр/03.jpg | images/gel50/847849218151_Гель_N_30_50_гр/04.jpg;https://pronogti-shop.ru/gel50/tproduct/457157157-847849218151-gel-n-30-50-gr
689258460401;Гель моделирующий 50гр;Гель N 41, 50 гр;;800.0;;10;"подходит для укрепления и наращивания ногтей
— требуется подложка из эластичной базы
— позволяет работать в технике без опила
— твёрдый , поджимается в арку
— без запаха
— случаев аллергии не выявлено
Состав:Сополимер акрилатов; диметилсилилат кремния; дифенилфосфиноксид; 2-гидроксиэтилметакрилат
Срок годности: 36 месяцев";;images/gel50/689258460401_Гель_N_41_50_гр/01.jpg;https://pronogti-shop.ru/gel50/tproduct/457157157-689258460401-gel-n-41-50-gr
809986193501;Гель моделирующий 50гр;Гель N 50,50 гр;;800.0;;10;"подходит для укрепления и наращивания ногтей
— требуется подложка из эластичной базы
— позволяет работать в технике без опила
— твёрдый , поджимается в арку
— без запаха
— случаев аллергии не выявлено
Состав:Сополимер акрилатов; диметилсилилат кремния; дифенилфосфиноксид; 2-гидроксиэтилметакрилат
Срок годности: 36 месяцев";;images/gel50/809986193501_Гель_N_50_50_гр/01.jpg;https://pronogti-shop.ru/gel50/tproduct/457157157-809986193501-gel-n-5050-gr
211027148401;Гель моделирующий 50гр;Гель shine N 2, 50 гр;;800.0;;10;"подходит для укрепления и наращивания ногтей
— требуется подложка из эластичной базы
— позволяет работать в технике без опила
— твёрдый , поджимается в арку
— без запаха
— случаев аллергии не выявлено
Состав:Сополимер акрилатов; диметилсилилат кремния; дифенилфосфиноксид; 2-гидроксиэтилметакрилат
Срок годности: 36 месяцев";;images/gel50/211027148401_Гель_shine_N_2_50_гр/01.jpg;https://pronogti-shop.ru/gel50/tproduct/457157157-211027148401-gel-shine-n-2-50-gr
421060664161;Жидкий полигель для укрепления;Жидкий полигель N 7,15 гр;;450.0;;10;"Жидкий полигель для ногтей от Kadilak Neo – это инновационное косметическое средство, предназначенное для создания идеального маникюра и педикюра. Этот жидкий гель обладает уникальными свойствами, которые позволяют не только укреплять ногти, но и использовать его для наращивания. Полигель является идеальным выбором для тех, кто стремится к совершенству в моделировании ногтей, при этом сохраняя здоровье и красоту своих ногтей. Способ применения: обезжирить , нанести тонким слоем эластичную каучуковую базу, просушить в лампе ; нанести моделирующий слой жидкого полигеля, просушить; покрыть топом, просушить. Каждый слой просушиваем UV/ LED лампе 120/ 60 сек. Подходит для коротких и длинных ногтей.
Состав:сополимер акрилатов, гидроксиэтилметакрилат, оксид триметилбензоилдифенилфосфина, гидроксициклогексилфенилкетон.
Срок годности: 36 месяцев";;images/polygel2/421060664161_Жидкий_полигель_N_7_15_гр/01.jpg;https://pronogti-shop.ru/polygel2/tproduct/430342415-421060664161-zhidkii-poligel-n-715-gr
268813816411;Жидкий полигель для укрепления;Жидкий полигель N 15, 15 гр;;450.0;;20;"Жидкий полигель для ногтей от Kadilak Neo – это инновационное косметическое средство, предназначенное для создания идеального маникюра и педикюра. Этот жидкий гель обладает уникальными свойствами, которые позволяют не только укреплять ногти, но и использовать его для наращивания. Полигель является идеальным выбором для тех, кто стремится к совершенству в моделировании ногтей, при этом сохраняя здоровье и красоту своих ногтей. Способ применения: обезжирить , нанести тонким слоем эластичную каучуковую базу, просушить в лампе ; нанести моделирующий слой жидкого полигеля, просушить; покрыть топом, просушить. Каждый слой просушиваем UV/ LED лампе 120/ 60 сек. Подходит для коротких и длинных ногтей.
Состав:сополимер акрилатов, гидроксиэтилметакрилат, оксид триметилбензоилдифенилфосфина, гидроксициклогексилфенилкетон.
Срок годности: 36 месяцев";;images/polygel2/268813816411_Жидкий_полигель_N_15_15_гр/01.jpg | images/polygel2/268813816411_Жидкий_полигель_N_15_15_гр/02.png | images/polygel2/268813816411_Жидкий_полигель_N_15_15_гр/03.png | images/polygel2/268813816411_Жидкий_полигель_N_15_15_гр/04.png;https://pronogti-shop.ru/polygel2/tproduct/430342415-268813816411-zhidkii-poligel-n-15-15-gr
380151727001;Жидкий полигель для укрепления;Жидкий полигель N 20,15 гр;;450.0;;10;"Жидкий полигель для ногтей от Kadilak Neo – это инновационное косметическое средство, предназначенное для создания идеального маникюра и педикюра. Этот жидкий гель обладает уникальными свойствами, которые позволяют не только укреплять ногти, но и использовать его для наращивания. Полигель является идеальным выбором для тех, кто стремится к совершенству в моделировании ногтей, при этом сохраняя здоровье и красоту своих ногтей. Способ применения: обезжирить , нанести тонким слоем эластичную каучуковую базу, просушить в лампе ; нанести моделирующий слой жидкого полигеля, просушить; покрыть топом, просушить. Каждый слой просушиваем UV/ LED лампе 120/ 60 сек. Подходит для коротких и длинных ногтей.
Состав:сополимер акрилатов, гидроксиэтилметакрилат, оксид триметилбензоилдифенилфосфина, гидроксициклогексилфенилкетон.
Срок годности: 36 месяцев";;images/polygel2/380151727001_Жидкий_полигель_N_20_15_гр/01.jpg;https://pronogti-shop.ru/polygel2/tproduct/430342415-380151727001-zhidkii-poligel-n-2015-gr
347814229551;Жидкий полигель для укрепления;Жидкий полигель N 21,15 гр;;450.0;;5;"Жидкий полигель для ногтей от Kadilak Neo – это инновационное косметическое средство, предназначенное для создания идеального маникюра и педикюра. Этот жидкий гель обладает уникальными свойствами, которые позволяют не только укреплять ногти, но и использовать его для наращивания. Полигель является идеальным выбором для тех, кто стремится к совершенству в моделировании ногтей, при этом сохраняя здоровье и красоту своих ногтей. Способ применения: обезжирить , нанести тонким слоем эластичную каучуковую базу, просушить в лампе ; нанести моделирующий слой жидкого полигеля, просушить; покрыть топом, просушить. Каждый слой просушиваем UV/ LED лампе 120/ 60 сек. Подходит для коротких и длинных ногтей.
Состав:сополимер акрилатов, гидроксиэтилметакрилат, оксид триметилбензоилдифенилфосфина, гидроксициклогексилфенилкетон.
Срок годности: 36 месяцев";;images/polygel2/347814229551_Жидкий_полигель_N_21_15_гр/01.jpg | images/polygel2/347814229551_Жидкий_полигель_N_21_15_гр/02.png | images/polygel2/347814229551_Жидкий_полигель_N_21_15_гр/03.png | images/polygel2/347814229551_Жидкий_полигель_N_21_15_гр/04.png;https://pronogti-shop.ru/polygel2/tproduct/430342415-347814229551-zhidkii-poligel-n-2115-gr
215994236571;Жидкий полигель для укрепления;Жидкий полигель N 23,15 гр;;450.0;;5;"Жидкий полигель для ногтей от Kadilak Neo – это инновационное косметическое средство, предназначенное для создания идеального маникюра и педикюра. Этот жидкий гель обладает уникальными свойствами, которые позволяют не только укреплять ногти, но и использовать его для наращивания. Полигель является идеальным выбором для тех, кто стремится к совершенству в моделировании ногтей, при этом сохраняя здоровье и красоту своих ногтей. Способ применения: обезжирить , нанести тонким слоем эластичную каучуковую базу, просушить в лампе ; нанести моделирующий слой жидкого полигеля, просушить; покрыть топом, просушить. Каждый слой просушиваем UV/ LED лампе 120/ 60 сек. Подходит для коротких и длинных ногтей.
Состав:сополимер акрилатов, гидроксиэтилметакрилат, оксид триметилбензоилдифенилфосфина, гидроксициклогексилфенилкетон.
Срок годности: 36 месяцев";;images/polygel2/215994236571_Жидкий_полигель_N_23_15_гр/01.jpg;https://pronogti-shop.ru/polygel2/tproduct/430342415-215994236571-zhidkii-poligel-n-2315-gr
134842723571;Жидкий полигель для укрепления;Жидкий полигель N 27, 15 гр;;480.0;;10;"Жидкий полигель для ногтей от Kadilak Neo – это инновационное косметическое средство, предназначенное для создания идеального маникюра и педикюра. Этот жидкий гель обладает уникальными свойствами, которые позволяют не только укреплять ногти, но и использовать его для наращивания. Полигель является идеальным выбором для тех, кто стремится к совершенству в моделировании ногтей, при этом сохраняя здоровье и красоту своих ногтей. Способ применения: обезжирить , нанести тонким слоем эластичную каучуковую базу, просушить в лампе ; нанести моделирующий слой жидкого полигеля, просушить; покрыть топом, просушить. Каждый слой просушиваем UV/ LED лампе 120/ 60 сек. Подходит для коротких и длинных ногтей.
Состав:сополимер акрилатов, гидроксиэтилметакрилат, оксид триметилбензоилдифенилфосфина, гидроксициклогексилфенилкетон.
Срок годности: 36 месяцев";;images/polygel2/134842723571_Жидкий_полигель_N_27_15_гр/01.jpg;https://pronogti-shop.ru/polygel2/tproduct/430342415-134842723571-zhidkii-poligel-n-27-15-gr
740484871841;Жидкий полигель для укрепления;Жидкий полигель N 30, 15 гр;;480.0;;5;"Жидкий полигель для ногтей от Kadilak Neo – это инновационное косметическое средство, предназначенное для создания идеального маникюра и педикюра. Этот жидкий гель обладает уникальными свойствами, которые позволяют не только укреплять ногти, но и использовать его для наращивания. Полигель является идеальным выбором для тех, кто стремится к совершенству в моделировании ногтей, при этом сохраняя здоровье и красоту своих ногтей. Способ применения: обезжирить , нанести тонким слоем эластичную каучуковую базу, просушить в лампе ; нанести моделирующий слой жидкого полигеля, просушить; покрыть топом, просушить. Каждый слой просушиваем UV/ LED лампе 120/ 60 сек. Подходит для коротких и длинных ногтей.
Состав:сополимер акрилатов, гидроксиэтилметакрилат, оксид триметилбензоилдифенилфосфина, гидроксициклогексилфенилкетон.
Срок годности: 36 месяцев";;images/polygel2/740484871841_Жидкий_полигель_N_30_15_гр/01.jpg;https://pronogti-shop.ru/polygel2/tproduct/430342415-740484871841-zhidkii-poligel-n-30-15-gr
341926936941;Жидкий полигель для укрепления;Жидкий полигель N 31,15 гр;;450.0;;10;"Жидкий полигель для ногтей от Kadilak Neo – это инновационное косметическое средство, предназначенное для создания идеального маникюра и педикюра. Этот жидкий гель обладает уникальными свойствами, которые позволяют не только укреплять ногти, но и использовать его для наращивания. Полигель является идеальным выбором для тех, кто стремится к совершенству в моделировании ногтей, при этом сохраняя здоровье и красоту своих ногтей. Способ применения: обезжирить , нанести тонким слоем эластичную каучуковую базу, просушить в лампе ; нанести моделирующий слой жидкого полигеля, просушить; покрыть топом, просушить. Каждый слой просушиваем UV/ LED лампе 120/ 60 сек. Подходит для коротких и длинных ногтей.
Состав:сополимер акрилатов, гидроксиэтилметакрилат, оксид триметилбензоилдифенилфосфина, гидроксициклогексилфенилкетон.
Срок годности: 36 месяцев";;images/polygel2/341926936941_Жидкий_полигель_N_31_15_гр/01.jpg | images/polygel2/341926936941_Жидкий_полигель_N_31_15_гр/02.jpg | images/polygel2/341926936941_Жидкий_полигель_N_31_15_гр/03.jpg | images/polygel2/341926936941_Жидкий_полигель_N_31_15_гр/04.jpg;https://pronogti-shop.ru/polygel2/tproduct/430342415-341926936941-zhidkii-poligel-n-3115-gr
948513063521;Жидкий полигель для укрепления;Жидкий полигель N 33,15 гр;;450.0;;;"Жидкий полигель для ногтей от Kadilak Neo – это инновационное косметическое средство, предназначенное для создания идеального маникюра и педикюра. Этот жидкий гель обладает уникальными свойствами, которые позволяют не только укреплять ногти, но и использовать его для наращивания. Полигель является идеальным выбором для тех, кто стремится к совершенству в моделировании ногтей, при этом сохраняя здоровье и красоту своих ногтей. Способ применения: обезжирить , нанести тонким слоем эластичную каучуковую базу, просушить в лампе ; нанести моделирующий слой жидкого полигеля, просушить; покрыть топом, просушить. Каждый слой просушиваем UV/ LED лампе 120/ 60 сек. Подходит для коротких и длинных ногтей.
Состав:сополимер акрилатов, гидроксиэтилметакрилат, оксид триметилбензоилдифенилфосфина, гидроксициклогексилфенилкетон.
Срок годности: 36 месяцев";;images/polygel2/948513063521_Жидкий_полигель_N_33_15_гр/01.jpg | images/polygel2/948513063521_Жидкий_полигель_N_33_15_гр/02.jpg;https://pronogti-shop.ru/polygel2/tproduct/430342415-948513063521-zhidkii-poligel-n-3315-gr
238100823911;Жидкий полигель для укрепления;Жидкий полигель N 41,15 гр;;450.0;;5;"Жидкий полигель для ногтей от Kadilak Neo – это инновационное косметическое средство, предназначенное для создания идеального маникюра и педикюра. Этот жидкий гель обладает уникальными свойствами, которые позволяют не только укреплять ногти, но и использовать его для наращивания. Полигель является идеальным выбором для тех, кто стремится к совершенству в моделировании ногтей, при этом сохраняя здоровье и красоту своих ногтей. Способ применения: обезжирить , нанести тонким слоем эластичную каучуковую базу, просушить в лампе ; нанести моделирующий слой жидкого полигеля, просушить; покрыть топом, просушить. Каждый слой просушиваем UV/ LED лампе 120/ 60 сек. Подходит для коротких и длинных ногтей.
Состав:сополимер акрилатов, гидроксиэтилметакрилат, оксид триметилбензоилдифенилфосфина, гидроксициклогексилфенилкетон.
Срок годности: 36 месяцев";;images/polygel2/238100823911_Жидкий_полигель_N_41_15_гр/01.jpg | images/polygel2/238100823911_Жидкий_полигель_N_41_15_гр/02.png | images/polygel2/238100823911_Жидкий_полигель_N_41_15_гр/03.png | images/polygel2/238100823911_Жидкий_полигель_N_41_15_гр/04.png | images/polygel2/238100823911_Жидкий_полигель_N_41_15_гр/05.jpg;https://pronogti-shop.ru/polygel2/tproduct/430342415-238100823911-zhidkii-poligel-n-4115-gr
716637775441;Жидкий полигель для укрепления;Жидкий полигель N 42,15 гр;;450.0;;5;"Жидкий полигель для ногтей от Kadilak Neo – это инновационное косметическое средство, предназначенное для создания идеального маникюра и педикюра. Этот жидкий гель обладает уникальными свойствами, которые позволяют не только укреплять ногти, но и использовать его для наращивания. Полигель является идеальным выбором для тех, кто стремится к совершенству в моделировании ногтей, при этом сохраняя здоровье и красоту своих ногтей. Способ применения: обезжирить , нанести тонким слоем эластичную каучуковую базу, просушить в лампе ; нанести моделирующий слой жидкого полигеля, просушить; покрыть топом, просушить. Каждый слой просушиваем UV/ LED лампе 120/ 60 сек. Подходит для коротких и длинных ногтей.
Состав:сополимер акрилатов, гидроксиэтилметакрилат, оксид триметилбензоилдифенилфосфина, гидроксициклогексилфенилкетон.
Срок годности: 36 месяцев";;images/polygel2/716637775441_Жидкий_полигель_N_42_15_гр/01.jpg | images/polygel2/716637775441_Жидкий_полигель_N_42_15_гр/02.png | images/polygel2/716637775441_Жидкий_полигель_N_42_15_гр/03.png | images/polygel2/716637775441_Жидкий_полигель_N_42_15_гр/04.png | images/polygel2/716637775441_Жидкий_полигель_N_42_15_гр/05.jpg;https://pronogti-shop.ru/polygel2/tproduct/430342415-716637775441-zhidkii-poligel-n-4215-gr
984365184721;Жидкий полигель для укрепления;Жидкий полигель N 47,15 гр;;450.0;;20;"Жидкий полигель для ногтей от Kadilak Neo – это инновационное косметическое средство, предназначенное для создания идеального маникюра и педикюра. Этот жидкий гель обладает уникальными свойствами, которые позволяют не только укреплять ногти, но и использовать его для наращивания. Полигель является идеальным выбором для тех, кто стремится к совершенству в моделировании ногтей, при этом сохраняя здоровье и красоту своих ногтей. Способ применения: обезжирить , нанести тонким слоем эластичную каучуковую базу, просушить в лампе ; нанести моделирующий слой жидкого полигеля, просушить; покрыть топом, просушить. Каждый слой просушиваем UV/ LED лампе 120/ 60 сек. Подходит для коротких и длинных ногтей.
Состав:сополимер акрилатов, гидроксиэтилметакрилат, оксид триметилбензоилдифенилфосфина, гидроксициклогексилфенилкетон.
Срок годности: 36 месяцев";;images/polygel2/984365184721_Жидкий_полигель_N_47_15_гр/01.jpg | images/polygel2/984365184721_Жидкий_полигель_N_47_15_гр/02.png | images/polygel2/984365184721_Жидкий_полигель_N_47_15_гр/03.png | images/polygel2/984365184721_Жидкий_полигель_N_47_15_гр/04.png | images/polygel2/984365184721_Жидкий_полигель_N_47_15_гр/05.jpg;https://pronogti-shop.ru/polygel2/tproduct/430342415-984365184721-zhidkii-poligel-n-4715-gr
370136334591;Жидкий полигель для укрепления;Жидкий полигель N 50 ,15 гр;;450.0;;30;"Жидкий полигель для ногтей от Kadilak Neo – это инновационное косметическое средство, предназначенное для создания идеального маникюра и педикюра. Этот жидкий гель обладает уникальными свойствами, которые позволяют не только укреплять ногти, но и использовать его для наращивания. Полигель является идеальным выбором для тех, кто стремится к совершенству в моделировании ногтей, при этом сохраняя здоровье и красоту своих ногтей. Способ применения: обезжирить , нанести тонким слоем эластичную каучуковую базу, просушить в лампе ; нанести моделирующий слой жидкого полигеля, просушить; покрыть топом, просушить. Каждый слой просушиваем UV/ LED лампе 120/ 60 сек. Подходит для коротких и длинных ногтей.
Состав:сополимер акрилатов, гидроксиэтилметакрилат, оксид триметилбензоилдифенилфосфина, гидроксициклогексилфенилкетон.
Срок годности: 36 месяцев";;images/polygel2/370136334591_Жидкий_полигель_N_50_15_гр/01.jpg;https://pronogti-shop.ru/polygel2/tproduct/430342415-370136334591-zhidkii-poligel-n-50-15-gr
954457097271;Жидкий полигель для укрепления;Жидкий полигель № 62, 15 гр.;;450.0;;10;"Жидкий полигель для ногтей от Kadilak Neo – это инновационное косметическое средство, предназначенное для создания идеального маникюра и педикюра. Этот жидкий гель обладает уникальными свойствами, которые позволяют не только укреплять ногти, но и использовать его для наращивания. Полигель является идеальным выбором для тех, кто стремится к совершенству в моделировании ногтей, при этом сохраняя здоровье и красоту своих ногтей. Способ применения: обезжирить , нанести тонким слоем эластичную каучуковую базу, просушить в лампе ; нанести моделирующий слой жидкого полигеля, просушить; покрыть топом, просушить. Каждый слой просушиваем UV/ LED лампе 120/ 60 сек. Подходит для коротких и длинных ногтей.
Состав:сополимер акрилатов, гидроксиэтилметакрилат, оксид триметилбензоилдифенилфосфина, гидроксициклогексилфенилкетон.
Срок годности: 36 месяцев";;images/polygel2/954457097271_Жидкий_полигель_62_15_гр/01.jpg | images/polygel2/954457097271_Жидкий_полигель_62_15_гр/02.png | images/polygel2/954457097271_Жидкий_полигель_62_15_гр/03.png | images/polygel2/954457097271_Жидкий_полигель_62_15_гр/04.png;https://pronogti-shop.ru/polygel2/tproduct/430342415-954457097271-zhidkii-poligel-62-15-gr
810139888111;Гель-лаки;Гель лак № 2;;250.0;;20;"Только для профессионального использования .
Примечание : на подготовленную и обезжиренную ногтевую пластину нанести базовый слой для гель лака KaDilak Neo. По завершении наносим закрепитель для гель-лака KaDilak Neo. Каждый слой просушиваем в UV\LED лампе 120\30 сек.
Состав: полиуретан-акриловый олигомер,полиэтиленгликоль,диметакрилат, 2-гидролксиэтилметакрилат, , оксид креминия, гидроксициклогексилфенилкетон, пигмент .
Срок годности: 36 месяцев";;images/gel-lak/810139888111_Гель_лак_2/01.jpg | images/gel-lak/810139888111_Гель_лак_2/02.jpg;https://pronogti-shop.ru/gel-lak/tproduct/341663704-810139888111-gel-lak-2
667968140971;Гель-лаки;Гель лак № 3;;250.0;;1;"Только для профессионального использования .
Примечание : на подготовленную и обезжиренную ногтевую пластину нанести базовый слой для гель лака KaDilak Neo. По завершении наносим закрепитель для гель-лака KaDilak Neo. Каждый слой просушиваем в UV\LED лампе 120\30 сек.
Состав: полиуретан-акриловый олигомер,полиэтиленгликоль,диметакрилат, 2-гидролксиэтилметакрилат, , оксид креминия, гидроксициклогексилфенилкетон, пигмент .
Срок годности: 36 месяцев";;images/gel-lak/667968140971_Гель_лак_3/01.jpg | images/gel-lak/667968140971_Гель_лак_3/02.jpg;https://pronogti-shop.ru/gel-lak/tproduct/341663704-667968140971-gel-lak-3
405825293011;Прочие товары;Баночка для геля 80 гр;;80.0;;10;;;images/other/405825293011_Баночка_для_геля_80_гр/01.jpeg;https://pronogti-shop.ru/other/tproduct/341680767-405825293011-banochka-dlya-gelya-80-gr
301995218611;Прочие товары;Салфетки безворсовые плотные белые;;180.0;;65;;;images/other/301995218611_Салфетки_безворсовые_плотные_белые/01.jpg;https://pronogti-shop.ru/other/tproduct/341680767-301995218611-salfetki-bezvorsovie-plotnie-belie
473722090963;Топ;Топ Блеск 30 гр;;750.0;;5;"Топ для ногтей глянцевый без липкого слоя жидкой консистенции, не содержит УФ фильтра. Преимущества: не синит на темных оттенках; не затирается и не скалывается; отлично носится до следующей коррекции; самовыравнивается, укрепляет и не затекает под кутикулу; стойкое покрытие и зеркальный финиш; не вызывает аллергических реакций. Способ применения: нанесите финишное покрытие тонким слоем, просушить в UV/LED лампе 120-60 сек. Топ применим как на просушенное базовое покрытие, так и на цветное. Беречь от огня и попадания УФ-лучей.
Состав: сополимер акрилатов, гидроксипропилметакрилат; изопропиловый спирт; этилтриметилбензоилфенилфосфинат, диметикон.
Срок годности: 36 месяцев";;images/top/473722090963_Топ_Блеск_30_гр/01.jpg | images/top/473722090963_Топ_Блеск_30_гр/02.png;https://pronogti-shop.ru/top/tproduct/341664716-473722090963-top-blesk-30-gr
946247160772;Топ;"Топ ""SK"" 15 мл";;400.0;;20;"Топ для ногтей глянцевый без липкого слоя средней консистенции, содержит УФ фильтр. Преимущества: идеально подходит для светлых оттенков, не затирается и не скалывается; отлично носится до следующей коррекции; самовыравнивается, укрепляет и не затекает под кутикулу; стойкое покрытие и зеркальный финиш. Топ для маникюра применим как на просушенное базовое покрытие, так и на цветное. База и топ для ногтей не конфликтуют между собой, поэтому липкий слой снимать не обязательно.
Состав: уретанакрилат; гидроксиэтилметакрилат; 1 - гидроксифенилциклогексилкетон; дифенил(2,4,6-триметилбензоил); фосфиноксид.
Срок годности: 36 месяцев";;images/top/946247160772_Топ_SK_15_мл/01.jpg | images/top/946247160772_Топ_SK_15_мл/02.png | images/top/946247160772_Топ_SK_15_мл/03.png | images/top/946247160772_Топ_SK_15_мл/04.png | images/top/946247160772_Топ_SK_15_мл/05.png;https://pronogti-shop.ru/top/tproduct/341664716-946247160772-top-sk-15-ml
662667604233;Топ;"Топ ""SK"" 30 гр";;750.0;;20;"Топ для ногтей глянцевый без липкого слоя средней консистенции, содержит УФ фильтр. Преимущества: идеально подходит для светлых оттенков, не затирается и не скалывается; отлично носится до следующей коррекции; самовыравнивается, укрепляет и не затекает под кутикулу; стойкое покрытие и зеркальный финиш. Топ для маникюра применим как на просушенное базовое покрытие, так и на цветное. База и топ для ногтей не конфликтуют между собой, поэтому липкий слой снимать не обязательно.
Состав: уретанакрилат; гидроксиэтилметакрилат; 1 - гидроксифенилциклогексилкетон; дифенил(2,4,6-триметилбензоил); фосфиноксид.
Срок годности: 36 месяцев";;images/top/662667604233_Топ_SK_30_гр/01.jpg | images/top/662667604233_Топ_SK_30_гр/02.jpg;https://pronogti-shop.ru/top/tproduct/341664716-662667604233-top-sk-30-gr
